#!/usr/bin/env python3

from random import randint
import sys

left = ['q','w','e','r','t','a','s','d','f','g','z','x','c','v','b']
right = ['y','u','i','o','p','h','j','k','l','n','m']

def printUsage():
    print("""usage: genpass [n]
n:  Number of words to concatenate. If given, must be 1 or greater.
    Defaults to 2.""")

def genpass(lwords, rwords, passes):
    result = []
    endswith = 'left' if randint(0,1) == 0 else 'right'

    llen = len(lwords)
    rlen = len(rwords)

    for i in range(passes):
        if endswith == 'left':
            result.append(rwords[randint(0,rlen-1)])
        elif endswith == 'right':
            result.append(lwords[randint(0,llen-1)])
        endswith = 'left' if result[-1][-1] in left else 'right'

    return result
    
num_passes = 2

if len(sys.argv) > 1:
    try:
        num_passes = int(sys.argv[1])
    except ValueError:
        printUsage()
        exit()

if num_passes < 1: 
    printUsage()
    exit()

rwords = ['hah', 'hair', 'hairif', 'hairy', 'haisla', 'haithal', 'haitian', 'haje', 'hak', 'hakam', 'hake', 'hal', 'hala', 'halakah', 'halal', 'halalcor', 'halch', 'hale', 'half', 'halfman', 'hals', 'halt', 'ham', 'hamal', 'hamald', 'hamble', 'hame', 'hamel', 'han', 'hanbury', 'hanch', 'hand', 'handiwork', 'handlaid', 'handle', 'handmaid', 'handy', 'hangie', 'hangkang', 'hangle', 'hangman', 'hangment', 'hans', 'hant', 'hantle', 'hao', 'haori', 'hap', 'hapale', 'haptic', 'hau', 'haugh', 'haught', 'haughty', 'hauriant', 'haurient', 'hay', 'haya', 'haycock', 'hayey', 'hayfield', 'hayfork', 'hayrick', 'haysuck', 'hayz', 'hehe', 'hei', 'heiau', 'heidi', 'heigh', 'height', 'heir', 'helcosis', 'helcotic', 'hele', 'helen', 'helena', 'helvidian', 'hem', 'hemal', 'heme', 'hemen', 'hen', 'henbit', 'hend', 'henfish', 'henrician', 'henry', 'hent', 'hep', 'heuau', 'heugh', 'hey', 'hsi', 'hsuan', 'iamb', 'iambi', 'iambic', 'iambus', 'ian', 'iao', 'ibid', 'ibis', 'ibo', 'ibycus', 'ich', 'icicle', 'icosian', 'icy', 'idic', 'idism', 'idle', 'idleman', 'idlement', 'ido', 'igorot', 'iguana', 'irian', 'iricism', 'irid', 'iridial', 'iridian', 'iridic', 'iris', 'irish', 'irishry', 'iritic', 'iritis', 'irk', 'irma', 'isidorian', 'isidoric', 'isis', 'islam', 'island', 'islandic', 'islandish', 'islandman', 'islandy', 'islay', 'isle', 'ism', 'ismal', 'iso', 'isoantibody', 'isobutyric', 'isocoria', 'isocytic', 'isurus', 'ito', 'itys', 'ivory', 'ivy', 'iwis', 'ixia', 'ixiama', 'ixodian', 'ixodic', 'ixodid', 'izle', 'jake', 'jalap', 'jalapa', 'jam', 'jama', 'jaman', 'jamb', 'jambo', 'jambos', 'jan', 'janapa', 'janapan', 'jane', 'janghey', 'jangle', 'jantu', 'jaob', 'jap', 'japan', 'jape', 'jaudie', 'jay', 'jayant', 'jelske', 'jem', 'kaha', 'kahau', 'kai', 'kaid', 'kaiwi', 'kaj', 'kaka', 'kakan', 'kala', 'kalang', 'kale', 'kalekah', 'kalema', 'kamala', 'kamansi', 'kamao', 'kame', 'kamel', 'kan', 'kana', 'kanaka', 'kanap', 'kaneh', 'kang', 'kans', 'kanthan', 'kantian', 'kantism', 'kapa', 'kapai', 'kauri', 'kay', 'kayak', 'kayan', 'kehaya', 'keid', 'keith', 'keld', 'kele', 'keleh', 'kelek', 'kelep', 'kelt', 'kelty', 'kemal', 'kemb', 'ken', 'kenai', 'kench', 'kend', 'kendir', 'kendyr', 'kent', 'kentia', 'kenticism', 'kentish', 'kep', 'kept', 'key', 'krigia', 'kris', 'kru', 'lai', 'laic', 'laich', 'laicism', 'laicity', 'laid', 'laigh', 'lair', 'lairman', 'lairy', 'laity', 'lak', 'lake', 'lakeland', 'lalang', 'lam', 'lama', 'lamaic', 'lamaism', 'lamb', 'lambie', 'lambish', 'lamby', 'lame', 'lamel', 'lament', 'lamentory', 'lan', 'lana', 'lanao', 'lancha', 'lanciform', 'land', 'landman', 'lane', 'laney', 'langi', 'langlauf', 'langle', 'lango', 'langur', 'lant', 'lanthana', 'lanx', 'lao', 'laotian', 'lap', 'lapcock', 'lapel', 'lapsi', 'lapwork', 'lauan', 'laud', 'laudian', 'laudism', 'laugh', 'laur', 'lauric', 'laurie', 'laurus', 'lay', 'lehr', 'lehrman', 'lei', 'leif', 'leigh', 'leith', 'lek', 'lekane', 'leman', 'lemel', 'len', 'lena', 'lenape', 'lench', 'lend', 'lendu', 'lene', 'lens', 'lent', 'lenth', 'lenticle', 'lentiform', 'lentigo', 'lentisk', 'lento', 'lentor', 'leo', 'lepa', 'lepanto', 'lepcha', 'lepric', 'leprosis', 'leprosity', 'leprosy', 'leptid', 'leptiform', 'leptochroa', 'leptothrix', 'leptus', 'leu', 'leuch', 'leucism', 'leucitic', 'leucitis', 'leuco', 'leucocidic', 'leucocism', 'leucocyan', 'leucocytic', 'leucocytosis', 'leucocytotic', 'leucoryx', 'leucosis', 'leucotic', 'leucotoxic', 'leud', 'ley', 'lwo', 'mah', 'maha', 'mahant', 'mahayana', 'mahdi', 'mahdian', 'mahdism', 'mahri', 'maia', 'maid', 'maidie', 'maidish', 'maidism', 'maidu', 'maidy', 'maieutic', 'maja', 'makah', 'make', 'mal', 'mala', 'malambo', 'malay', 'malayalam', 'malayan', 'malaysian', 'maldivian', 'malduck', 'male', 'maleic', 'maleo', 'malshapen', 'malt', 'maltha', 'malthe', 'maltman', 'malto', 'malty', 'mam', 'mambo', 'man', 'mana', 'manaism', 'manal', 'manbot', 'manche', 'mancus', 'mand', 'mandible', 'mandua', 'mane', 'manei', 'manent', 'maney', 'mang', 'mangi', 'mangle', 'mangleman', 'mango', 'mangue', 'mangy', 'mangyan', 'manque', 'mans', 'manso', 'mant', 'mantic', 'manticism', 'mantid', 'mantis', 'mantisia', 'mantispa', 'mantle', 'manto', 'mantua', 'mantuan', 'manx', 'manxman', 'mao', 'maori', 'map', 'mapau', 'mau', 'maud', 'maudle', 'maugh', 'maugis', 'mauri', 'mauritia', 'mauritian', 'maux', 'may', 'maya', 'mayan', 'maybush', 'maycock', 'mayey', 'mayeye', 'mayfish', 'mayfowl', 'mbori', 'mckay', 'meith', 'meithei', 'mel', 'mela', 'melalgia', 'melam', 'melch', 'meld', 'mele', 'melena', 'melene', 'melt', 'mem', 'memento', 'men', 'menald', 'mend', 'mendi', 'mendicity', 'meng', 'mensk', 'mensual', 'ment', 'mentha', 'menthane', 'menthene', 'mentiform', 'mentor', 'mentorial', 'mentorism', 'menzie', 'meo', 'mru', 'nahane', 'naiant', 'naid', 'naif', 'naig', 'naigie', 'nair', 'nairy', 'nais', 'naish', 'naja', 'nak', 'nake', 'nam', 'nama', 'namaycush', 'name', 'nan', 'nana', 'nancy', 'nandi', 'nandow', 'nandu', 'nane', 'nant', 'nantle', 'naos', 'naoto', 'nap', 'napa', 'napal', 'nape', 'naught', 'naughty', 'naut', 'nautic', 'nautiform', 'nay', 'nayaur', 'nehantic', 'nei', 'neif', 'neigh', 'neighbor', 'nejd', 'nejdi', 'nema', 'neo', 'neocytosis', 'nep', 'nepa', 'nepal', 'nepenthe', 'neuric', 'neurism', 'neuritic', 'neuritis', 'neurocity', 'neurocoele', 'neurosis', 'neurotic', 'neuroticism', 'neurotoxia', 'neurotoxic', 'nth', 'oak', 'oaken', 'oam', 'obi', 'obidicut', 'obit', 'obitual', 'obley', 'oboe', 'och', 'ochro', 'ocht', 'ock', 'ocuby', 'ocyroe', 'odic', 'odor', 'odorific', 'odorosity', 'oenanthe', 'ofo', 'ogham', 'oglala', 'ogle', 'ogor', 'ogygia', 'ogygian', 'oribi', 'orichalch', 'oricycle', 'oriel', 'oriency', 'orient', 'orificial', 'oriflamb', 'oriform', 'orignal', 'orlando', 'orle', 'orna', 'ornament', 'oroanal', 'ory', 'oryx', 'osirian', 'osirify', 'osiris', 'osirism', 'othake', 'othelcosis', 'otiant', 'otic', 'otidiform', 'otis', 'otitic', 'otitis', 'oto', 'otocleisis', 'otosis', 'oturia', 'otus', 'otyak', 'ovibos', 'ovidian', 'oviform', 'ovis', 'ovism', 'owk', 'owl', 'own', 'oxidic', 'oxland', 'oxman', 'oxy', 'oxyblepsia', 'oxybutyria', 'oxybutyric', 'oxytocia', 'oxytocic', 'pah', 'paha', 'paigle', 'pair', 'pairment', 'pais', 'paisley', 'pajama', 'pakeha', 'pal', 'pala', 'palaic', 'palama', 'palame', 'palapalai', 'palau', 'palay', 'palch', 'pale', 'paleiform', 'paleman', 'palenque', 'palsy', 'palt', 'pam', 'pamela', 'pament', 'pan', 'panak', 'panaka', 'panama', 'panamaian', 'panaman', 'panayan', 'panboeotian', 'panchama', 'pand', 'pandle', 'panduriform', 'pandy', 'pane', 'paneity', 'panel', 'panela', 'panelwork', 'panentheism', 'panfish', 'pang', 'pangi', 'pansy', 'pant', 'pantheian', 'pantheic', 'pantheism', 'pantie', 'pantle', 'panto', 'pantod', 'pantofle', 'panty', 'pap', 'papa', 'papal', 'papalty', 'papane', 'papaya', 'pape', 'papey', 'pau', 'paucify', 'paucity', 'paughty', 'paut', 'pauxi', 'pay', 'pekan', 'pele', 'peleus', 'pelf', 'pelt', 'peltiform', 'pelvic', 'pelviform', 'pelvis', 'pen', 'penal', 'penalty', 'penang', 'penchant', 'pend', 'pendicle', 'pendle', 'pengo', 'pensy', 'pent', 'penthrit', 'pentit', 'pentosuria', 'peoria', 'peorian', 'pep', 'pepsis', 'peptic', 'pepticity', 'pria', 'prich', 'prick', 'prickant', 'pricks', 'pridian', 'pridy', 'prig', 'prigman', 'prism', 'prismal', 'privity', 'privy', 'pro', 'proa', 'proal', 'proambient', 'proamendment', 'prob', 'probity', 'problem', 'procivic', 'procivism', 'procne', 'prod', 'prodigus', 'prodigy', 'producible', 'proem', 'prof', 'proficiency', 'proficient', 'profit', 'prog', 'progne', 'progospel', 'proritual', 'prorogue', 'prosify', 'prosish', 'prosneusis', 'proso', 'prosodial', 'prosodian', 'prosodic', 'prosodus', 'prosody', 'prosorus', 'prosy', 'proto', 'protocneme', 'protocorm', 'protogod', 'protogospel', 'protosocial', 'prototheme', 'protozoa', 'protozoal', 'protozoan', 'protutor', 'protutory', 'proviso', 'provisor', 'provisory', 'prow', 'prowl', 'proxy', 'proxysm', 'prudish', 'prudity', 'prudy', 'prue', 'pruriency', 'prurient', 'prurigo', 'pruritic', 'pruritus', 'prut', 'pry', 'psha', 'psi', 'psocid', 'psoric', 'psorosis', 'psych', 'psychal', 'psychalgia', 'psyche', 'ptosis', 'ptotic', 'ptyxis', 'uang', 'ubi', 'udi', 'udic', 'udish', 'udo', 'ugh', 'uri', 'uria', 'uriah', 'urial', 'urian', 'uric', 'uriel', 'urman', 'urn', 'urna', 'urnal', 'uro', 'uroglena', 'urosis', 'urotoxia', 'urotoxic', 'urotoxicity', 'urotoxy', 'uru', 'urubu', 'urucu', 'urucuri', 'uruguayan', 'urus', 'ush', 'ushak', 'usual', 'usurp', 'usury', 'utick', 'utu', 'uvic', 'uvid', 'uvitic', 'uvito', 'uxorial', 'yah', 'yahan', 'yahwism', 'yair', 'yaje', 'yak', 'yaka', 'yakala', 'yakan', 'yalb', 'yale', 'yalensian', 'yam', 'yamamai', 'yamanai', 'yamel', 'yamen', 'yameo', 'yan', 'yana', 'yanan', 'yang', 'yao', 'yap', 'yapa', 'yaud', 'yautia', 'yaya', 'ycie', 'yeld', 'yelt', 'yemen', 'yen', 'yeo', 'yep', 'yquem']
lwords = ['aha', 'ahem', 'ahey', 'aht', 'aid', 'aiel', 'air', 'airish', 'airman', 'airy', 'aisle', 'ait', 'aix', 'aizle', 'ajaja', 'ajangle', 'aka', 'akal', 'akala', 'akan', 'akcheh', 'ake', 'akeley', 'akey', 'ala', 'alala', 'alan', 'aland', 'alans', 'alantic', 'alb', 'albi', 'albian', 'albify', 'albitic', 'albugo', 'alburn', 'albus', 'alco', 'alcor', 'aldus', 'ale', 'alem', 'alemana', 'alembic', 'alen', 'aleuritic', 'aleut', 'aleutian', 'aleutic', 'aleyrodid', 'alf', 'alfirk', 'alforja', 'alfur', 'alfuro', 'algic', 'algid', 'algidity', 'algific', 'algocyan', 'algor', 'algorism', 'algosis', 'algy', 'alright', 'alrighty', 'also', 'alt', 'alto', 'alvus', 'ama', 'amah', 'amala', 'amalaka', 'amalfian', 'amalrician', 'amamau', 'amandus', 'amang', 'amapa', 'amaurosis', 'amaurotic', 'ambiency', 'ambiens', 'ambient', 'ambit', 'ambitus', 'amble', 'ambo', 'ambos', 'ambury', 'ambush', 'ame', 'amelcorn', 'amen', 'amend', 'amendment', 'amene', 'ament', 'amentia', 'amentiform', 'amt', 'amtman', 'amvis', 'ana', 'anahau', 'anaitis', 'anal', 'analepsis', 'analepsy', 'analeptic', 'analgia', 'analgic', 'anam', 'anama', 'anan', 'anana', 'anansi', 'anapanapa', 'anapsid', 'anaptotic', 'anaptyxis', 'anaudia', 'anay', 'anbury', 'ancha', 'anciency', 'ancient', 'ancientism', 'ancienty', 'and', 'andi', 'andian', 'andorobo', 'andy', 'anele', 'anend', 'anent', 'aneuria', 'aneuric', 'aneurism', 'aneurysm', 'aneurysmal', 'angico', 'angie', 'angka', 'angle', 'ango', 'angor', 'anguria', 'angus', 'ansu', 'ant', 'antheia', 'anthela', 'anthem', 'anthema', 'anthemene', 'anthribid', 'anti', 'antiantibody', 'antibody', 'antic', 'anticivic', 'anticivism', 'anticor', 'anticorn', 'antidotism', 'antidysuric', 'antiendowment', 'antifoam', 'antifowl', 'antigod', 'antiguan', 'antiqua', 'antique', 'antiritual', 'antisi', 'antisocial', 'antisudorific', 'antitheism', 'antitoxic', 'antivirus', 'antiwit', 'antu', 'aogiri', 'aotus', 'apa', 'apaid', 'apama', 'apayao', 'ape', 'apemantus', 'apepsia', 'apepsy', 'apeptic', 'apricot', 'apsis', 'apt', 'aptian', 'aptiana', 'aptotic', 'auantic', 'auburn', 'audian', 'audible', 'audient', 'audit', 'auditor', 'auditoria', 'auditorial', 'auditory', 'auditual', 'augh', 'aught', 'augitic', 'augment', 'augur', 'augurial', 'augury', 'auric', 'auricle', 'aurific', 'auriform', 'aurify', 'aurigid', 'aurir', 'auroauric', 'aurochs', 'aurorian', 'aus', 'auslaut', 'ausu', 'ausubo', 'authentic', 'authenticity', 'autism', 'auto', 'autoantibody', 'autobus', 'autogiro', 'autosight', 'autosign', 'autositic', 'autotheism', 'autotoxic', 'autotoxicity', 'autotoxicosis', 'autotoxis', 'auxobody', 'auxotox', 'ayah', 'aye', 'bhakti', 'bhang', 'bhangi', 'bianco', 'bib', 'bibi', 'bibiri', 'bibitory', 'bible', 'bick', 'bicorn', 'bicorne', 'bicycle', 'bid', 'bidpai', 'bield', 'bieldy', 'bien', 'bifid', 'bifidity', 'biform', 'big', 'bigha', 'bight', 'bigot', 'bigotish', 'biri', 'birk', 'birken', 'birl', 'birle', 'birma', 'birn', 'bis', 'bisley', 'bit', 'bitheism', 'biti', 'bitis', 'bito', 'biz', 'blah', 'blair', 'blake', 'blame', 'blan', 'blanc', 'blanch', 'blanco', 'bland', 'blandish', 'blanque', 'blay', 'blench', 'blencorn', 'blend', 'blendor', 'blent', 'bleo', 'boa', 'bob', 'bobo', 'bobotie', 'boche', 'bock', 'bod', 'bodle', 'bodleian', 'bodo', 'bodock', 'body', 'bodywork', 'boeotian', 'boeotic', 'bog', 'bogie', 'bogieman', 'bogland', 'bogle', 'bogman', 'bogo', 'bogue', 'bogus', 'bogy', 'bor', 'borh', 'boric', 'boris', 'borish', 'borism', 'bority', 'born', 'borne', 'borneo', 'boro', 'bororo', 'bororoan', 'bos', 'bosh', 'bosk', 'bosn', 'bot', 'both', 'bothros', 'botocudo', 'bovid', 'boviform', 'bow', 'bowie', 'bowk', 'bowl', 'bowla', 'bowls', 'bowman', 'boxman', 'boxy', 'bozo', 'bual', 'bub', 'bubo', 'buchanan', 'buck', 'buckbush', 'buckeye', 'bud', 'budh', 'bufo', 'bug', 'bugi', 'bugle', 'bur', 'buri', 'burial', 'burian', 'buriti', 'burka', 'burke', 'burl', 'burlap', 'burley', 'burman', 'burn', 'burnsian', 'burnt', 'buro', 'burp', 'burucha', 'burut', 'bury', 'bus', 'bush', 'bushbuck', 'bushel', 'busk', 'busman', 'busy', 'busybody', 'busywork', 'but', 'butic', 'butment', 'butoxy', 'butyr', 'butyric', 'buxus', 'bye', 'byeman', 'bygo', 'byth', 'bywork', 'cha', 'chai', 'chair', 'chairman', 'chais', 'chait', 'chaitya', 'chaja', 'chaka', 'chaksi', 'chal', 'chalana', 'chalcid', 'chalcidian', 'chalcidic', 'chalcidid', 'chalcidiform', 'chalcis', 'chalcus', 'chalque', 'cham', 'chama', 'chamal', 'chanche', 'chanco', 'chancy', 'chandi', 'chandu', 'chane', 'chang', 'changoan', 'changos', 'chant', 'chao', 'chaos', 'chaotic', 'chap', 'chapah', 'chape', 'chapel', 'chapelry', 'chaps', 'chapt', 'chaus', 'chauth', 'chay', 'chaya', 'che', 'cheir', 'cheka', 'chekan', 'cheke', 'chela', 'chelem', 'chen', 'chena', 'cheney', 'cheng', 'chria', 'chris', 'chrism', 'chrisma', 'chrismal', 'chrysid', 'chrysidid', 'chrysis', 'chrysothrix', 'chrysotis', 'cibory', 'cid', 'cig', 'cigua', 'ciruela', 'cisleithan', 'cit', 'citify', 'citua', 'city', 'citycism', 'civic', 'civicism', 'civism', 'cixo', 'claiborne', 'claith', 'clam', 'clamant', 'clamb', 'clame', 'clamworm', 'clan', 'clang', 'clangor', 'clansman', 'clap', 'clapt', 'claudia', 'claudian', 'claught', 'claut', 'clay', 'clayen', 'clayey', 'clem', 'clemency', 'clement', 'clench', 'clep', 'cleuch', 'coaid', 'coak', 'coal', 'coalbox', 'coalfish', 'coan', 'coapt', 'coauditor', 'coaugment', 'cob', 'cobia', 'cobitis', 'coble', 'cobleman', 'cobus', 'cochairman', 'cochal', 'cock', 'cockaigne', 'cockal', 'cockeye', 'cockfight', 'cocle', 'coco', 'cocoa', 'cocorico', 'cocos', 'cocytus', 'cod', 'codify', 'codman', 'codo', 'coe', 'coembody', 'coenflame', 'cog', 'cogman', 'cogue', 'coque', 'cor', 'corial', 'cork', 'corke', 'corm', 'cormel', 'corn', 'corncob', 'corneitis', 'cornel', 'cornfield', 'cornrick', 'coroa', 'corocleisis', 'corody', 'corozo', 'corp', 'corps', 'corpsman', 'coruco', 'cory', 'corycia', 'corycian', 'cos', 'cosh', 'cosy', 'cot', 'coth', 'cothe', 'cotland', 'cotman', 'coto', 'cotorment', 'cotoro', 'cotoxo', 'cotutor', 'cotys', 'covid', 'covisit', 'covisitor', 'cow', 'cowichan', 'cowish', 'cowl', 'cowle', 'cowman', 'cowpen', 'cowy', 'cox', 'coxitis', 'coxy', 'coz', 'cozy', 'cub', 'cubi', 'cubic', 'cubicity', 'cubicle', 'cubiform', 'cubism', 'cubit', 'cubito', 'cubitus', 'cuchan', 'cuck', 'cud', 'cue', 'cueman', 'cur', 'curial', 'curie', 'curitis', 'curl', 'curn', 'curney', 'curua', 'curucucu', 'cururo', 'cush', 'cusie', 'cusk', 'cusp', 'cuspal', 'cut', 'cuticle', 'cutie', 'cutis', 'cutitis', 'cuvy', 'cyan', 'cyanauric', 'cyclamen', 'cyclane', 'cycle', 'cyclene', 'cyrus', 'cytisus', 'cytitis', 'cytotoxic', 'dha', 'dhai', 'dhak', 'dhan', 'dhauri', 'dial', 'diamb', 'diambic', 'dian', 'diana', 'diane', 'diapensia', 'diapsid', 'diau', 'dib', 'dich', 'dick', 'dickens', 'dickensian', 'dickensiana', 'dickey', 'dicot', 'dicycle', 'dicyema', 'did', 'didie', 'didle', 'didna', 'didnt', 'dido', 'didus', 'die', 'diem', 'diene', 'dig', 'dight', 'digit', 'digitiform', 'digitus', 'digor', 'dirhem', 'dirian', 'dirigible', 'dirk', 'dirl', 'dirndl', 'dis', 'dish', 'disk', 'dismal', 'disman', 'dismantle', 'dismantlement', 'dismay', 'disme', 'disna', 'disodic', 'disorient', 'disown', 'dispel', 'dispend', 'dit', 'ditheism', 'div', 'dividual', 'divisible', 'divisor', 'divisorial', 'divisory', 'divot', 'divoto', 'divus', 'dixie', 'dixit', 'dixy', 'dizygotic', 'dob', 'dobla', 'doby', 'doc', 'docible', 'docity', 'dock', 'docken', 'dod', 'dodman', 'dodo', 'doe', 'dog', 'dogie', 'dogma', 'dogman', 'dogy', 'dor', 'dori', 'doria', 'dorian', 'doric', 'doricism', 'doris', 'dorism', 'dorje', 'dorm', 'dormancy', 'dormant', 'dorn', 'dorobo', 'dorp', 'doruck', 'dory', 'dos', 'dosis', 'dot', 'dotish', 'doto', 'doty', 'dovish', 'dow', 'dowie', 'dowieism', 'dowl', 'down', 'downby', 'downcut', 'downright', 'downrush', 'downsman', 'downthrow', 'downthrown', 'downtown', 'downturn', 'downwith', 'dowp', 'doxy', 'dozy', 'dual', 'duala', 'duane', 'dub', 'dubhe', 'duck', 'duco', 'dud', 'dudish', 'dudism', 'dudley', 'dudleya', 'dudman', 'due', 'duel', 'dug', 'durham', 'durian', 'durity', 'durn', 'duro', 'duroc', 'dush', 'dusk', 'dusken', 'duty', 'dux', 'dyak', 'dyaus', 'dye', 'dysneuria', 'dyspepsia', 'dyspepsy', 'dyspeptic', 'dysprosia', 'dysuria', 'dysuric', 'eheu', 'eight', 'eighth', 'eighty', 'eigne', 'eisodic', 'ejam', 'ekaha', 'eke', 'elaidic', 'eland', 'elaps', 'elb', 'elbow', 'elbowy', 'eld', 'element', 'elench', 'elenchtic', 'eleut', 'elf', 'elfic', 'elfish', 'elfland', 'elric', 'els', 'elt', 'elvis', 'elvish', 'emanant', 'emblem', 'emblema', 'emblement', 'embody', 'embog', 'embow', 'embowment', 'embox', 'embus', 'embusk', 'eme', 'emend', 'enam', 'enambush', 'enamel', 'enanthem', 'enanthema', 'enapt', 'enchair', 'enchant', 'enchantment', 'encowl', 'encurl', 'end', 'endocoele', 'endocycle', 'endothrix', 'endotoxic', 'endotys', 'endow', 'endowment', 'endozoa', 'endue', 'enduement', 'endysis', 'enema', 'eneuch', 'eneugh', 'enfork', 'enrib', 'enrich', 'enrut', 'ens', 'ensiform', 'ensign', 'ensigncy', 'ensignry', 'ensuant', 'ensue', 'entia', 'entify', 'entiris', 'entitle', 'entitlement', 'entity', 'entocoele', 'entotic', 'entozoa', 'entozoal', 'entozoan', 'envy', 'eoan', 'epanalepsis', 'epanaleptic', 'epeiric', 'epeirid', 'eucosia', 'eudoxian', 'euglena', 'eurus', 'euryale', 'eurytus', 'eyah', 'eye', 'eyeish', 'eyen', 'eyey', 'eyrie', 'eyrir', 'fib', 'fiche', 'ficiform', 'fico', 'ficus', 'fid', 'fidia', 'fido', 'fiducia', 'fiducial', 'fie', 'field', 'fieldish', 'fieldman', 'fieldy', 'fiend', 'fiendish', 'fiendism', 'fient', 'fifie', 'fifish', 'fifo', 'fig', 'fight', 'figment', 'figurial', 'figurism', 'figury', 'fique', 'fir', 'firk', 'firm', 'firmament', 'firman', 'firn', 'fish', 'fisheye', 'fishgig', 'fishworks', 'fishworm', 'fit', 'fitment', 'fix', 'fixidity', 'fixity', 'fjeld', 'flair', 'flaith', 'flak', 'flake', 'flam', 'flamant', 'flamb', 'flame', 'flamen', 'flamenco', 'flan', 'flanch', 'flane', 'flanque', 'flap', 'flapdock', 'flaught', 'flay', 'flem', 'flench', 'fleury', 'fley', 'foal', 'foam', 'foambow', 'fob', 'foci', 'focus', 'fod', 'fodient', 'fodientia', 'foe', 'foeish', 'foeman', 'fog', 'fogle', 'fogman', 'fogo', 'fogus', 'fogy', 'for', 'fork', 'form', 'formal', 'formant', 'forme', 'formel', 'formene', 'formwork', 'fornent', 'fosh', 'fosie', 'fot', 'fotmal', 'fow', 'fowk', 'fowl', 'fox', 'foxish', 'foxy', 'fozy', 'fub', 'fuchsia', 'fuchsian', 'fuci', 'fucus', 'fud', 'fuel', 'fugient', 'fugitivism', 'fugitivity', 'fugle', 'fugleman', 'fugu', 'fugue', 'fur', 'furiant', 'furify', 'furl', 'furlan', 'furor', 'furud', 'fury', 'fusht', 'fusible', 'fusiform', 'fusus', 'fut', 'futuric', 'futurism', 'futurity', 'ghan', 'ghent', 'ghrush', 'giant', 'giantish', 'giantism', 'gib', 'gibleh', 'gibus', 'gid', 'gie', 'gien', 'gienah', 'gif', 'gig', 'gigi', 'gigman', 'gigot', 'girl', 'girn', 'giro', 'gish', 'gisla', 'git', 'gith', 'glair', 'glairy', 'glam', 'gland', 'glandiform', 'glans', 'glaucodot', 'glaucosuria', 'glaur', 'glaury', 'glaux', 'glen', 'glent', 'goa', 'goal', 'goala', 'goan', 'gob', 'gobi', 'gobia', 'gobian', 'gobo', 'goby', 'god', 'godown', 'godpapa', 'goel', 'gog', 'gogo', 'gor', 'gorhen', 'goric', 'gory', 'gos', 'gosh', 'goshen', 'gospel', 'got', 'goth', 'gotha', 'gotham', 'gowk', 'gowl', 'gown', 'gownsman', 'gowpen', 'guaka', 'guama', 'guan', 'guana', 'guanay', 'guanche', 'guango', 'guao', 'guapena', 'guaycuru', 'guaycuruan', 'guayroto', 'gud', 'gue', 'guemal', 'guenepe', 'gugu', 'gur', 'gurian', 'guric', 'gurish', 'gurk', 'gurl', 'guru', 'gus', 'gush', 'gusla', 'gusle', 'gut', 'guti', 'guz', 'gygis', 'gyri', 'gyric', 'gyro', 'gyrus', 'qua', 'quake', 'quale', 'quan', 'quandy', 'quant', 'quantic', 'quantify', 'quantity', 'quay', 'quei', 'quelch', 'queme', 'quench', 'queue', 'quey', 'rhapsodic', 'rhapsodie', 'rhapsodism', 'rhapsody', 'rhe', 'rheic', 'rhema', 'rheme', 'ria', 'rial', 'riancy', 'riant', 'rib', 'ric', 'rich', 'richen', 'richt', 'rick', 'rickey', 'ricksha', 'rid', 'rie', 'riem', 'rifi', 'rifian', 'rifle', 'rifleman', 'rig', 'right', 'rightle', 'righto', 'righty', 'rigid', 'rigidify', 'rigidity', 'rigor', 'rigorism', 'riroriro', 'risible', 'risk', 'risorial', 'risp', 'rit', 'ritornel', 'ritual', 'rix', 'rixy', 'riziform', 'roam', 'roan', 'rob', 'robigus', 'roble', 'robot', 'robotian', 'robotism', 'robur', 'roc', 'rock', 'rockborn', 'rockelay', 'rockfish', 'rockwork', 'rococo', 'rod', 'rodham', 'rodman', 'rodney', 'roe', 'roey', 'rog', 'rogue', 'roque', 'rori', 'roric', 'rory', 'rosland', 'rosorial', 'rosy', 'rot', 'rotiform', 'roto', 'rotor', 'row', 'rowland', 'rowleian', 'rowley', 'rowleyan', 'rowy', 'rox', 'roxie', 'roxy', 'rua', 'ruana', 'rub', 'rubia', 'rubidic', 'rubific', 'rubify', 'ruble', 'rubor', 'rubus', 'ruby', 'ruche', 'ruck', 'rud', 'rudish', 'rudity', 'rudy', 'rue', 'ruen', 'rufus', 'rug', 'rugosity', 'ruru', 'rus', 'rush', 'rushbush', 'rushen', 'rusk', 'rusma', 'rusot', 'rut', 'ruth', 'ruthene', 'rutic', 'rutidosis', 'ruvid', 'rux', 'ryal', 'rye', 'ryen', 'rytidosis', 'sha', 'shah', 'shahaptian', 'shai', 'shaigia', 'shaivism', 'shaka', 'shake', 'shaken', 'shakti', 'shaktism', 'shale', 'shaleman', 'shalt', 'sham', 'shama', 'shamal', 'shaman', 'shamble', 'shambu', 'shame', 'shamrock', 'shan', 'shandy', 'shane', 'shang', 'shanghai', 'shant', 'shanty', 'shantytown', 'shap', 'shape', 'shapen', 'shaps', 'shaugh', 'shauri', 'shay', 'she', 'shekel', 'shel', 'shela', 'sheld', 'shelduck', 'shelf', 'shelfy', 'shelty', 'shelvy', 'shemaka', 'shen', 'shend', 'sheng', 'shenshai', 'sheugh', 'shriek', 'shrog', 'shrub', 'shrubland', 'shrug', 'sia', 'siak', 'sial', 'siam', 'siamang', 'sib', 'sibiric', 'sic', 'sick', 'sicken', 'sid', 'sidhe', 'sidi', 'sidle', 'sidney', 'sidy', 'sie', 'siena', 'sig', 'sigh', 'sight', 'sighty', 'sigla', 'sigma', 'sign', 'signal', 'sir', 'sirian', 'siricid', 'siris', 'siroc', 'siryan', 'sis', 'sish', 'sisham', 'sisi', 'sisley', 'sit', 'sith', 'sithe', 'sithement', 'sithens', 'sitient', 'sitka', 'sitkan', 'sitotoxism', 'situal', 'situs', 'six', 'sizy', 'sizygia', 'skair', 'skal', 'skeif', 'skeigh', 'skel', 'skelf', 'sken', 'skene', 'skeo', 'skep', 'skeptic', 'skepticism', 'skey', 'sla', 'slait', 'slake', 'slam', 'slane', 'slang', 'slangish', 'slangism', 'slangy', 'slant', 'slap', 'slape', 'slay', 'sleigh', 'sleight', 'sleighty', 'slent', 'slept', 'sleuth', 'sleuthdog', 'sley', 'sma', 'smalt', 'smelt', 'smeltman', 'smriti', 'snaith', 'snake', 'snap', 'snape', 'snaps', 'soak', 'soaken', 'soam', 'soap', 'soapbox', 'soapbush', 'soapfish', 'soaprock', 'soapsud', 'sob', 'soc', 'socht', 'social', 'sock', 'sockeye', 'socle', 'socman', 'socmanry', 'soco', 'sod', 'sodic', 'sody', 'soe', 'sofia', 'sog', 'sori', 'soricid', 'sorn', 'sororial', 'sorority', 'sorosis', 'sorus', 'sory', 'sosh', 'sosia', 'soso', 'sot', 'sotie', 'sov', 'sow', 'sowl', 'sowle', 'sowlth', 'sown', 'spa', 'spaid', 'spak', 'spald', 'spale', 'spalt', 'span', 'spandle', 'spandy', 'spane', 'spang', 'spangle', 'spanworm', 'spay', 'spelt', 'spend', 'spendible', 'spent', 'speos', 'speotyto', 'speuchan', 'sprig', 'sprighty', 'sprit', 'sprod', 'sprogue', 'sprucify', 'sprue', 'sprug', 'spry', 'suant', 'sub', 'subicle', 'submaid', 'subman', 'suborn', 'subpanel', 'subproblem', 'such', 'suck', 'sucken', 'suckfish', 'sucuri', 'sud', 'sudic', 'sudiform', 'sudoric', 'sudorific', 'sue', 'sufi', 'sufism', 'sugh', 'sugi', 'sur', 'suriana', 'surma', 'surname', 'surnap', 'surnay', 'surya', 'sus', 'susi', 'susian', 'susie', 'suspend', 'suspendible', 'suspensible', 'suspensor', 'suspensorial', 'suspensory', 'susu', 'suto', 'sutor', 'sutorial', 'sutorian', 'sutu', 'suz', 'suzy', 'sybotic', 'sybotism', 'sycock', 'sycosiform', 'sycosis', 'syd', 'sydneian', 'sye', 'syrian', 'syrma', 'syzygial', 'syzygy', 'tha', 'thai', 'thais', 'thalthan', 'thameng', 'than', 'thana', 'thanan', 'thane', 'thaneland', 'thapsia', 'thaught', 'the', 'theiform', 'their', 'theirn', 'theism', 'thelalgia', 'them', 'thema', 'theme', 'then', 'thenal', 'theo', 'theodicy', 'theodoric', 'theodosia', 'theodosian', 'theodotian', 'theody', 'theoria', 'theoriai', 'theoric', 'theorician', 'theorism', 'theory', 'theow', 'theowman', 'they', 'thro', 'throb', 'throck', 'throe', 'throw', 'thrown', 'thrush', 'thrushel', 'thruv', 'tiam', 'tiang', 'tiao', 'tib', 'tibia', 'tibial', 'tibiale', 'tic', 'tick', 'ticken', 'tickey', 'ticktick', 'ticktock', 'tid', 'tidley', 'tidy', 'tie', 'tien', 'tig', 'tight', 'tightish', 'tigua', 'tirl', 'tirma', 'tishri', 'tit', 'tithal', 'tithe', 'titi', 'titian', 'titien', 'title', 'titmal', 'titman', 'titus', 'tivy', 'tmema', 'toa', 'tobiah', 'toby', 'tock', 'toco', 'tocororo', 'tod', 'todus', 'tody', 'toe', 'tofieldia', 'tofu', 'tog', 'togue', 'toque', 'tor', 'toric', 'torma', 'tormen', 'torment', 'tormentor', 'torn', 'tornal', 'torney', 'toro', 'torosity', 'torotoro', 'torpent', 'toru', 'torus', 'tory', 'toryfy', 'tosh', 'tosk', 'tosy', 'tot', 'totient', 'toto', 'totoro', 'toty', 'tow', 'towkay', 'town', 'townsman', 'towy', 'tox', 'toxic', 'toxicity', 'toxicosis', 'toxity', 'toxosis', 'tua', 'tuan', 'tub', 'tubicorn', 'tubiform', 'tubig', 'tubman', 'tuck', 'tudor', 'tue', 'tug', 'tugman', 'tuque', 'tur', 'turi', 'turk', 'turkana', 'turken', 'turkey', 'turkeybush', 'turm', 'turma', 'turment', 'turn', 'turncock', 'turndown', 'turnel', 'turney', 'turnrow', 'turns', 'turp', 'turps', 'tururi', 'turus', 'tush', 'tusk', 'tut', 'tuth', 'tutman', 'tutor', 'tutorial', 'tutorism', 'tutory', 'tutu', 'tuwi', 'tux', 'tuzla', 'tyburn', 'tyche', 'tydie', 'tye', 'tyg', 'tyrian', 'tyro', 'tyt', 'tyto', 'via', 'vial', 'viand', 'vibix', 'vic', 'vicia', 'vick', 'vidian', 'vidua', 'vidual', 'vidya', 'vie', 'vigia', 'vigor', 'virial', 'virid', 'viridian', 'viridity', 'virific', 'virify', 'virl', 'virosis', 'viruela', 'virus', 'vis', 'vishal', 'visible', 'visie', 'visigoth', 'visit', 'visitment', 'visitor', 'visitorial', 'visne', 'visor', 'visual', 'viti', 'vitis', 'vivid', 'vividity', 'vivific', 'vivify', 'vlei', 'vod', 'vodka', 'voe', 'vog', 'vogue', 'voguey', 'vorhand', 'vorpal', 'votish', 'votyak', 'vow', 'vug', 'wha', 'whale', 'whaleman', 'wham', 'whamble', 'whame', 'whan', 'whand', 'whang', 'whap', 'whau', 'whaur', 'whekau', 'when', 'whenso', 'whey', 'wheyey', 'wicht', 'wichtje', 'wick', 'wicken', 'wid', 'widish', 'widow', 'widowish', 'widowman', 'widowy', 'widu', 'wield', 'wieldy', 'wifie', 'wifish', 'wifock', 'wig', 'wight', 'wir', 'wirl', 'wiros', 'wiry', 'wis', 'wish', 'wisha', 'wisht', 'wisp', 'wit', 'with', 'withal', 'withe', 'withen', 'witney', 'witoto', 'wiz', 'woak', 'woald', 'woan', 'wob', 'wod', 'woe', 'wog', 'work', 'workbox', 'workgirl', 'works', 'world', 'worldish', 'worldy', 'worm', 'worn', 'wot', 'wow', 'wud', 'wudu', 'wur', 'wurley', 'wurmal', 'wush', 'wusp', 'wut', 'wuzu', 'wyandot', 'wye', 'xoana', 'xyrid', 'xyris', 'zig', 'zirian', 'zizia', 'zoa', 'zobo', 'zogo', 'zoque', 'zosma', 'zowie', 'zygnema', 'zygosis', 'zygotic', 'zyrian', 'zyryan', 'zythem']

words = genpass(lwords,rwords,num_passes)

print(', '.join(words))
print(''.join(words))
